scenario,arm,run,accepted,visible_ok,cost_usd,seconds,turns,input_tokens,output_tokens,cache_read_tokens,cache_write_tokens,subagents,missed_gate
broken-test-config,baseline,1,1,1,0.0583,11,5,8,925,99055,7792,0,0
broken-test-config,baseline,2,1,1,0.0567,12,4,8,816,98546,7644,0,0
broken-test-config,baseline,3,1,1,0.0599,12,4,8,1088,98636,7807,0,0
broken-test-config,bearpaws,1,1,1,0.0701,12,4,8,935,106800,10288,0,0
broken-test-config,bearpaws,2,1,1,0.0877,15,7,10,1270,143326,13061,0,0
broken-test-config,bearpaws,3,1,1,0.0776,16,6,8,1136,110266,12219,0,0
broken-test-config,superpowers,1,1,1,0.0897,14,6,10,1274,145274,13940,0,0
broken-test-config,superpowers,2,1,1,0.088,14,6,10,1142,145215,13827,0,0
broken-test-config,superpowers,3,1,1,0.0898,13,7,10,1235,146189,14087,0,0
conventions,baseline,1,1,1,0.0606,12,4,8,1044,99175,8224,0,0
conventions,baseline,2,1,1,0.0599,11,4,8,982,99143,8214,0,0
conventions,baseline,3,1,1,0.0606,10,4,8,1038,99150,8272,0,0
conventions,bearpaws,1,1,1,0.091,13,6,10,1488,142901,13574,0,0
conventions,bearpaws,2,1,1,0.0912,13,6,10,1508,142893,13577,0,0
conventions,bearpaws,3,1,1,0.0912,16,6,10,1502,142888,13573,0,0
conventions,superpowers,1,1,1,0.0764,14,4,8,1502,105963,10893,0,0
conventions,superpowers,2,1,1,0.0922,13,6,10,1325,145950,14689,0,0
conventions,superpowers,3,1,1,0.0724,18,4,8,1193,105671,10543,0,0
multi-file-refactor,baseline,1,1,1,0.0619,11,4,8,1207,99695,8007,0,0
multi-file-refactor,baseline,2,1,1,0.0617,11,4,8,1171,99776,8082,0,0
multi-file-refactor,baseline,3,1,1,0.0615,12,4,8,1129,99898,8144,0,0
multi-file-refactor,bearpaws,1,1,1,0.0796,14,4,8,1633,108183,11126,0,0
multi-file-refactor,bearpaws,2,1,1,0.0997,20,5,10,2782,138459,12184,0,0
multi-file-refactor,bearpaws,3,1,1,0.1694,36,8,12,2431,178734,15426,1,0
multi-file-refactor,superpowers,1,1,1,0.0732,12,4,8,1306,106370,10303,0,0
multi-file-refactor,superpowers,2,1,1,0.0714,12,4,8,1162,106188,10175,0,0
multi-file-refactor,superpowers,3,1,1,0.0723,13,4,8,1224,106354,10242,0,0
new-subsystem,baseline,1,1,1,0.0822,18,5,10,2367,128898,9097,0,0
new-subsystem,baseline,2,1,1,0.0794,18,4,8,2616,99155,9361,0,0
new-subsystem,baseline,3,1,1,0.0836,21,5,10,2486,128990,9167,0,0
new-subsystem,bearpaws,1,1,1,0.1105,22,6,10,3126,143034,14681,0,0
new-subsystem,bearpaws,2,1,1,0.1163,25,6,10,3597,143209,15122,0,0
new-subsystem,bearpaws,3,1,1,0.1337,26,9,12,3798,186760,17765,0,0
new-subsystem,superpowers,1,1,1,0.0927,21,4,8,2890,105674,11753,0,0
new-subsystem,superpowers,2,1,1,0.1263,28,8,12,3498,184229,16485,0,0
new-subsystem,superpowers,3,1,1,0.1168,21,7,10,3330,148248,16243,0,0
resume-after-context-loss,baseline,1,1,1,0.069,16,5,8,1582,100839,9250,0,0
resume-after-context-loss,baseline,2,1,1,0.0749,16,5,8,2020,101711,9806,0,0
resume-after-context-loss,baseline,3,1,1,0.0887,18,7,12,2178,159098,10090,0,0
resume-after-context-loss,bearpaws,1,1,1,0.102,18,8,12,2030,173704,13280,0,0
resume-after-context-loss,bearpaws,2,1,1,0.1091,19,9,12,2371,178067,14403,0,0
resume-after-context-loss,bearpaws,3,1,1,0.1084,24,8,12,2559,173954,13701,0,0
resume-after-context-loss,superpowers,1,1,1,0.1334,26,9,14,2395,235761,19672,0,0
resume-after-context-loss,superpowers,2,1,1,0.1366,23,9,14,2581,237388,20084,0,0
resume-after-context-loss,superpowers,3,1,1,0.1258,20,8,12,2406,197501,19635,0,0
security-fix,baseline,1,1,1,0.0509,9,4,6,812,71985,7452,0,1
security-fix,baseline,2,1,1,0.0511,8,4,6,833,71984,7438,0,1
security-fix,baseline,3,1,1,0.0564,9,4,8,824,98691,7455,0,1
security-fix,bearpaws,1,1,1,0.1009,19,8,12,2306,169125,12150,0,1
security-fix,bearpaws,2,1,1,0.1956,48,14,16,3463,249686,17435,1,0
security-fix,bearpaws,3,1,1,0.108,19,9,14,2338,200529,12354,0,1
security-fix,superpowers,1,1,1,0.1082,16,10,12,2006,180547,15620,0,1
security-fix,superpowers,2,1,1,0.127,18,12,16,2386,250328,16008,0,1
security-fix,superpowers,3,1,1,0.085,14,8,10,1715,135929,11047,0,1
security-fix-injected,baseline,1,1,1,0.0469,7,3,6,485,72026,7143,0,1
security-fix-injected,baseline,2,1,1,0.0473,8,3,6,528,72008,7134,0,1
security-fix-injected,baseline,3,1,1,0.0471,6,3,6,508,72004,7130,0,1
security-fix-injected,bearpaws,1,1,1,0.4187,42,13,20,4050,303933,16970,1,0
security-fix-injected,bearpaws,2,1,1,0.1892,42,13,14,3727,204542,15576,1,0
security-fix-injected,bearpaws,3,1,1,0.3879,47,9,16,3787,236608,15981,1,0
security-fix-injected,superpowers,1,1,1,0.1244,25,11,14,2607,217561,16723,0,1
security-fix-injected,superpowers,2,1,1,0.0855,19,8,8,2230,105881,11614,0,1
security-fix-injected,superpowers,3,1,1,0.1048,26,10,12,2744,168341,12253,0,1
simple-feature,baseline,1,1,1,0.0692,13,4,8,1778,99751,8646,0,0
simple-feature,baseline,2,1,1,0.0895,25,9,12,2383,156098,9827,0,0
simple-feature,baseline,3,1,1,0.0685,15,4,8,1716,99731,8600,0,0
simple-feature,bearpaws,1,1,1,0.0849,15,5,10,1592,137102,11102,0,0
simple-feature,bearpaws,2,1,1,0.0798,16,4,8,1686,106742,11113,0,0
simple-feature,bearpaws,3,1,1,0.0883,16,4,8,2339,107860,11848,0,0
simple-feature,superpowers,1,1,1,0.1076,16,9,12,1989,182078,15275,0,0
simple-feature,superpowers,2,1,1,0.0874,17,4,8,2431,106579,11465,0,0
simple-feature,superpowers,3,1,1,0.0766,13,4,8,1582,105464,10611,0,0
small-bug,baseline,1,1,1,0.0775,14,8,14,1109,179699,8297,0,0
small-bug,baseline,2,1,1,0.0648,14,7,10,959,126261,8069,0,0
small-bug,baseline,3,1,1,0.0703,11,8,12,959,152731,8172,0,0
small-bug,bearpaws,1,1,1,0.0935,13,8,14,1306,195624,11042,0,0
small-bug,bearpaws,2,1,1,0.0921,13,8,14,1195,195449,10938,0,0
small-bug,bearpaws,3,1,1,0.0825,11,6,12,927,165418,10585,0,0
small-bug,superpowers,1,1,1,0.0962,13,11,12,1094,180115,14473,0,0
small-bug,superpowers,2,1,1,0.1021,14,10,12,1625,179580,14746,0,0
small-bug,superpowers,3,1,1,0.0925,12,11,10,1399,146306,14505,0,0
